{"cameraMode":{"drawMode":0,"name":"Shaded","section":"Shading Mode"},"sceneLighting":true,"audioPlay":false,"sceneViewState":{"showFog":false,"showMaterialUpdate":false,"showSkybox":false,"showFlares":false,"showImageEffects":false,"showParticleSystems":false},"in2DMode":false,"pivot":{"x":-250.1522216796875,"y":5.0239763259887699,"z":-392.87335205078127},"rotation":{"x":0.10443997383117676,"y":0.08314570039510727,"z":0.008762638084590435,"w":-0.9910107851028442},"size":6.275615692138672,"orthographic":false}