{"cameraMode":{"drawMode":0,"name":"Shaded","section":"Shading Mode"},"sceneLighting":true,"audioPlay":false,"sceneViewState":{"showFog":false,"showMaterialUpdate":false,"showSkybox":false,"showFlares":false,"showImageEffects":false,"showParticleSystems":false},"in2DMode":false,"pivot":{"x":-295.02874755859377,"y":-192.51104736328126,"z":210.92892456054688},"rotation":{"x":-0.25264304876327517,"y":-0.1690368503332138,"z":0.04487669840455055,"w":-0.9516218900680542},"size":713.0956420898438,"orthographic":false}